num,var
0,0.45956764
1,0.3454739
2,0.071231835
3,0.056854516
4,0.025957817
5,0.020045914
6,0.010749657
7,0.007267532
8,0.0028512012
9,4.3812016e-12
