iter,loss
0,3.794784034423828
1,2.1817785511016847
2,1.9500641024780274
3,1.8533725717926026
4,1.7899025745010375
5,1.738415450515747
6,1.6942590843963623
7,1.6538742333221434
8,1.6154814503479005
9,1.5796942391967774
10,1.5460615090179444
11,1.5131659168243408
12,1.4814676750946045
13,1.4508776502227783
14,1.4204030988311767
15,1.3901358045196532
16,1.3600310495758057
17,1.3296327808380126
18,1.2988989295196534
