iter,loss
0,1.1029829049443864
1,0.38640989401401615
2,0.27506796810732576
3,0.2050446562277965
4,0.15725477480943942
5,0.12511105324838545
6,0.10382190397083065
7,0.08969613640527903
8,0.08011294345616739
9,0.0734029183802488
10,0.06852490766655593
11,0.0648568756878376
12,0.06193665460203633
13,0.05953534984296852
14,0.05749006041418978
15,0.05570557425211082
16,0.054113908256197864
17,0.05265134293368924
18,0.051326957711459315
19,0.05009406570579622
20,0.048946371384503404
