year,dim1,dim2,dim3,dim4,rest
2019,63.558512926101685,34.765127301216125,0.36902138963341713,0.2598326187580824,1.0475051152976336
