year,dim1,dim2,dim3,dim4,rest
2019,23.439717292785645,20.832298696041107,15.222539007663727,11.228349059820175,29.277088521610406
