year,dim1,dim2,dim3,dim4,rest
2019,73.43875765800476,20.883023738861084,2.5450510904192924,0.9338775649666786,2.1992897062046555
